Id,Title,Body,Score,Tags
1,How do I check if a list is empty in Python?,I have a list and want to check if it contains any elements. What is the most Pythonic way to do this? I tried len(mylist) == 0 but I heard there is a better way.,85,python;list;basics
2,What is the difference between append and extend in Python lists?,I am confused about when to use list.append() vs list.extend(). They both seem to add items to a list but behave differently. Can someone explain with examples?,72,python;list;methods
3,How to iterate over a dictionary in Python?,I have a dictionary and want to loop through both keys and values at the same time. What is the proper way to do this in Python 3?,78,python;dictionary;iteration
4,What does if __name__ == '__main__' do?,I see this line at the bottom of many Python scripts but I dont understand what it does. Why is it needed and when should I use it?,90,python;modules;best-practices
5,How to read a CSV file using pandas?,I have a CSV file and want to load it into a pandas DataFrame. What is the basic syntax and how do I handle different delimiters and encodings?,68,python;pandas;csv
6,String formatting in Python - % vs .format vs f-strings,What are the different ways to format strings in Python and which one should I use? I have seen % operator and .format() and f-strings.,65,python;strings;formatting
7,How to handle exceptions in Python?,I want to catch errors in my code without the program crashing. How does try except work and what are best practices for exception handling?,58,python;exceptions;error-handling
8,What is the difference between a list and a tuple?,When should I use a list vs a tuple in Python? I know lists are mutable and tuples are not but what are the practical implications?,62,python;data-structures;list;tuple
9,How to sort a list of dictionaries by a specific key?,I have a list of dictionaries and want to sort them by one of the keys. What is the most efficient way to do this in Python?,55,python;sorting;dictionary
10,What is a lambda function and when to use it?,I keep seeing lambda in Python code but dont understand when it is better to use lambda vs a regular def function. Can someone explain?,48,python;functions;lambda
11,How to merge two dictionaries in Python?,I have two dictionaries and want to combine them into one. What are the different ways to do this in Python 3?,60,python;dictionary;merge
12,What is list comprehension and how does it work?,I see things like [x*2 for x in range(10)] in Python code. How does list comprehension work and when should I use it vs a for loop?,64,python;list-comprehension;syntax
13,How to remove duplicates from a list?,I have a list with duplicate values and want to keep only unique elements. What is the most efficient way to do this?,56,python;list;duplicates
14,What is the difference between == and is in Python?,I thought == and is do the same thing but I am getting different results. When should I use each one?,52,python;operators;comparison
15,How to write to a file in Python?,I want to create a new file and write some text to it. What are the different file modes and how do I use the with statement?,54,python;files;io
16,How does Python memory management work?,I want to understand how Python handles memory allocation and garbage collection. What is reference counting and what is the gc module?,12,python;memory;internals
17,Explain metaclasses in Python with examples,I have been reading about metaclasses but cannot understand when you would actually need to use them. What problem do they solve and how do type and __new__ work together?,8,python;oop;metaclasses
18,How to implement a custom context manager?,I want to create my own context manager for resource management. How do __enter__ and __exit__ work and when should I use contextlib?,15,python;context-manager;advanced
19,What is the Global Interpreter Lock and why does it matter?,I heard that Python has a GIL that prevents true multithreading. How does this affect performance and what are the alternatives for parallel processing?,10,python;concurrency;gil
20,How to implement binary search in Python?,I need to search for an element in a sorted array efficiently. Can someone explain the binary search algorithm and its time complexity?,18,algorithms;search;binary-search
21,Understanding Python decorators with arguments,I understand basic decorators but I cannot figure out how to create a decorator that accepts its own arguments. The triple nesting confuses me.,14,python;decorators;advanced
22,How to implement a linked list from scratch in Python?,I want to understand data structures better by implementing a singly linked list with insert delete and traverse operations. What are the edge cases to handle?,11,data-structures;linked-list;implementation
23,What is dynamic programming and when to use it?,I keep failing dynamic programming problems. Can someone explain the concept of overlapping subproblems and how memoization differs from tabulation?,9,algorithms;dynamic-programming;optimization
24,How to handle race conditions in multithreaded Python?,I have a multithreaded application and I am getting inconsistent results. How do I use threading.Lock properly and what are other synchronization primitives?,7,python;threading;concurrency
25,Explain the difference between process and thread,What is the fundamental difference between processes and threads in terms of memory space and when should I use multiprocessing vs threading in Python?,13,operating-systems;concurrency;processes
26,How to optimize SQL queries for large datasets?,My database queries are very slow on tables with millions of rows. What are indexing strategies and query optimization techniques I should learn?,8,sql;databases;optimization
27,Implement a balanced binary search tree,I need to implement an AVL tree with self-balancing rotations. How do left and right rotations work and how do I maintain the balance factor?,5,data-structures;trees;avl
28,What is the CAP theorem in distributed systems?,I am studying distributed systems and keep seeing references to the CAP theorem. Can someone explain consistency availability and partition tolerance with real examples?,6,distributed-systems;theory;cap-theorem
29,How to implement graph traversal algorithms?,I need to implement BFS and DFS for a graph represented as an adjacency list. What are the time and space complexities and when to use which?,11,algorithms;graphs;traversal
30,Understanding async await in Python,I want to use asyncio for concurrent IO operations but I am confused about how the event loop works. What is the difference between coroutines and threads?,10,python;async;concurrency
31,How to use virtual environments in Python?,I keep running into dependency conflicts between projects. How do I create and manage virtual environments using venv or virtualenv?,45,python;tools;virtual-env
32,What is pip and how to install packages?,I am new to Python and need to install external libraries. How does pip work and what is the difference between pip install and pip install -r requirements.txt?,50,python;pip;packages
33,How to use git for version control basics?,I am starting a new project and want to use git. What are the basic commands I need to know like init add commit push pull?,48,git;version-control;basics
34,What is a class in Python and how to create one?,I want to learn object oriented programming in Python. How do I define a class with attributes and methods and create instances of it?,42,python;oop;classes
35,How to connect Python to SQLite database?,I want to store data in a database from my Python application. How do I use the sqlite3 module to create tables insert data and run queries?,38,python;database;sqlite
36,What is unit testing and how to write tests?,I want to start testing my Python code. How does the unittest module work and what are assertions and test fixtures?,35,python;testing;unittest
37,How to create a REST API with Flask?,I want to build a simple web API that returns JSON data. What are the basics of Flask routing and how do I handle GET and POST requests?,32,python;flask;rest-api
38,What is recursion and how does it work?,I am struggling to understand recursive functions. How does the call stack work and what makes a good base case? Can someone trace through a simple example?,40,python;recursion;functions
39,How to parse JSON data in Python?,I am receiving JSON data from an API and need to convert it to a Python dictionary. How do json.loads and json.dumps work?,44,python;json;parsing
40,What are Python generators and how to use yield?,I see the yield keyword in some functions but I dont understand how generators differ from regular functions that return a list.,28,python;generators;iterators
41,How to use regular expressions in Python?,I need to extract email addresses from text. How does the re module work and what are the basic regex patterns I should know?,30,python;regex;text-processing
42,What is the difference between shallow and deep copy?,I am modifying a copy of a nested list but the original list is also changing. What is happening and how do I make a truly independent copy?,22,python;copy;memory
43,How to implement a hash table from scratch?,I want to understand how dictionaries work internally. Can someone explain hash functions collision resolution using chaining and open addressing?,9,data-structures;hash-table;implementation
44,What is the observer design pattern?,I need to implement a notification system where multiple objects react to state changes. How does the observer pattern work in Python?,11,design-patterns;observer;oop
45,How does garbage collection work in Python?,I want to understand when objects are deleted from memory. What is reference counting and how does the cyclic garbage collector handle circular references?,10,python;memory;garbage-collection
46,Implement depth first search for a graph,I need to write DFS iteratively using a stack instead of recursion. How do I handle visited nodes and detect cycles in a directed graph?,12,algorithms;graphs;dfs
47,What is memoization and how to implement it?,I have a recursive fibonacci function that is very slow. How can I cache results to avoid redundant calculations and what is functools.lru_cache?,16,algorithms;memoization;optimization
48,How to profile Python code for performance?,My Python script is running slowly and I need to find the bottleneck. What tools are available for profiling CPU usage and memory consumption?,13,python;profiling;performance
49,Explain SOLID principles with Python examples,I want to write more maintainable code. Can someone explain each of the SOLID principles with practical Python code examples?,7,software-engineering;solid;design-principles
50,How to implement a priority queue in Python?,I need a data structure where I can always get the minimum element efficiently. How does heapq work and when should I use it vs sorting?,14,data-structures;heap;priority-queue
51,What is the difference between abstract class and interface?,I am confused about when to use ABC vs Protocol in Python. What is the practical difference and when do I need abstract methods?,20,python;oop;abstract-classes
52,How to implement a trie data structure?,I need to build an autocomplete feature. How does a trie store strings and what are the time complexities for insert and search operations?,6,data-structures;trie;strings
53,What is database normalization?,I have a table with lots of redundant data. Can someone explain first second and third normal form and when denormalization is acceptable?,8,databases;normalization;design
54,How to implement the factory design pattern?,I have multiple classes that share an interface and I want to decide which one to instantiate at runtime. How does the factory pattern work?,10,design-patterns;factory;creational
55,What is topological sorting and when to use it?,I need to determine the order to complete tasks that have dependencies on each other. How does topological sort work on directed acyclic graphs?,5,algorithms;graphs;topological-sort
56,How does the Python import system work?,I am getting ModuleNotFoundError and ImportError. How does Python find modules and what is the difference between absolute and relative imports?,25,python;modules;imports
57,What is the with statement and why use it?,I keep forgetting to close files after opening them. How does the with statement ensure proper resource cleanup and what is a context manager?,46,python;context-manager;files
58,How to debug Python code effectively?,My code has a bug but I cannot find it. What are the best debugging techniques using print statements pdb and IDE debuggers?,36,python;debugging;tools
59,What is PEP 8 and why should I follow it?,My team keeps arguing about code style. What are the main PEP 8 guidelines for naming conventions indentation and line length?,40,python;style;pep8
60,How to work with dates and times in Python?,I need to parse dates from strings calculate time differences and format datetime objects. How does the datetime module work?,34,python;datetime;formatting
61,What is the difference between args and kwargs?,I see *args and **kwargs in function signatures but I dont understand how they work. When should I use them in my own functions?,38,python;functions;parameters
62,How to create and use Python packages?,I want to organize my Python project into packages with __init__.py files. What is the correct project structure for a reusable package?,30,python;packages;project-structure
63,What is the map function in Python?,I want to apply the same operation to every element in a list. How does map work compared to list comprehension and which is preferred?,36,python;functional;map
64,How to use enumerate in Python loops?,I need both the index and value when iterating over a list. Is there a better way than using range(len(list)) with manual indexing?,52,python;loops;enumerate
65,What is slicing in Python?,I want to extract parts of a list or string. How does the slice notation work with start stop and step parameters?,46,python;slicing;sequences
66,How to implement thread-safe singleton pattern?,I need exactly one instance of a class in a multithreaded application. How do I prevent race conditions during instance creation?,6,design-patterns;singleton;concurrency
67,Understanding Python memory model and object internals,How does CPython store objects in memory? I want to understand the difference between stack and heap allocation and how interning works for small integers.,4,python;cpython;memory-model
68,How to implement a red-black tree?,I need a self-balancing binary search tree with guaranteed O(log n) operations. What are the rules for coloring nodes and how do rebalancing rotations work?,3,data-structures;red-black-tree;advanced
69,Explain the Raft consensus algorithm,I am building a distributed system and need nodes to agree on values. How does the Raft protocol handle leader election and log replication?,4,distributed-systems;consensus;raft
70,How to write a custom Python bytecode interpreter?,I want to understand how Python executes code internally. How does the virtual machine read and execute bytecode instructions?,3,python;bytecode;interpreter
71,How to reverse a string in Python?,I have a string and want to reverse it. What is the simplest way using slicing?,55,python;strings;basics
72,What is the print function in Python?,As a beginner I want to understand all the parameters of the print function like sep end and file.,60,python;basics;print
73,How to find the length of a list?,I want to count the number of items in a list. How do I use the len function?,58,python;list;basics
74,What is a comment in Python?,How do I write single line and multi line comments in Python code?,62,python;basics;syntax
75,How to check the type of a variable?,I want to know if a variable is a string integer or float. How does the type function work?,54,python;basics;types
76,What is an f-string in Python?,I want to insert variable values into strings. How do f-strings work in Python 3.6 and later?,50,python;strings;f-strings
77,How to convert between data types?,I need to convert a string to integer and float to string. What are the type conversion functions in Python?,48,python;basics;type-conversion
78,What does the range function do?,I want to generate a sequence of numbers for a for loop. How does range work with one two and three arguments?,56,python;basics;range
79,How to get user input in Python?,I want my program to ask the user for their name and age. How does the input function work?,53,python;basics;input
80,What is the difference between print and return?,I am confused about when to use print vs return in a function. They seem to do the same thing but my code does not work as expected.,44,python;functions;basics
81,How to implement the strategy design pattern in Python?,I have multiple algorithms that can be swapped at runtime. How do I implement the strategy pattern using classes or first-class functions?,9,design-patterns;strategy;oop
82,Understanding coroutines vs threads vs processes,What are the fundamental differences between cooperative and preemptive multitasking and when should I choose each approach in Python?,7,python;concurrency;architecture
83,How to implement a B-tree data structure?,I am building a database engine and need a disk-optimized search tree. How do B-tree insertions splits and merges work?,4,data-structures;b-tree;databases
84,How to write a compiler frontend in Python?,I want to build a lexer and parser for a simple programming language. How do tokenization and abstract syntax trees work?,5,compilers;parsing;language-design
85,Explain the Paxos consensus protocol,I need to understand how distributed nodes reach agreement in the presence of failures. How does Paxos handle proposers acceptors and learners?,3,distributed-systems;paxos;consensus
86,How to create a dictionary in Python?,I want to store key value pairs. What are the different ways to create a dictionary and how do I access modify and delete entries?,47,python;dictionary;basics
87,What is a boolean in Python?,I want to understand True and False values and how they work in if statements and while loops.,55,python;basics;boolean
88,How to use the in keyword in Python?,I want to check if an element exists in a list or a character exists in a string. How does the membership operator work?,51,python;operators;membership
89,What is an if-else statement?,I need my code to make decisions based on conditions. How do I write if elif and else statements in Python?,57,python;basics;conditionals
90,How to define a function in Python?,I want to create reusable blocks of code. How do I use the def keyword to define functions with parameters and return values?,49,python;functions;basics
91,What is the None keyword in Python?,I see None used in function returns and variable initialization. What does it represent and how is it different from 0 or empty string?,42,python;basics;none
92,How to use break and continue in loops?,I want to exit a loop early or skip certain iterations. What is the difference between break and continue statements?,45,python;loops;control-flow
93,How to handle file not found errors?,My program crashes when it tries to open a file that does not exist. How do I handle FileNotFoundError gracefully?,33,python;files;error-handling
94,What is the difference between a module and a package?,I am confused about Python project organization. When do I create a module vs a package and what is __init__.py for?,28,python;modules;packages
95,How to implement a LRU cache from scratch?,I need a cache with constant time lookups that evicts the least recently used items when full. How do I combine a hash map with a doubly linked list?,6,data-structures;cache;algorithms
96,How to implement the visitor design pattern?,I have a tree structure with different node types and want to add operations without modifying the node classes. How does double dispatch work?,5,design-patterns;visitor;oop
97,Understanding Python descriptor protocol,I want to create custom attribute access behavior. How do __get__ __set__ and __delete__ work and what is the descriptor protocol?,8,python;descriptors;advanced
98,How to implement a distributed hash table?,I need to partition data across multiple nodes with consistent hashing. How does data rebalancing work when nodes join or leave?,4,distributed-systems;dht;consistent-hashing
99,Implement the A-star pathfinding algorithm,I need to find the shortest path in a weighted grid with obstacles. How does the A-star heuristic improve over Dijkstra algorithm?,7,algorithms;pathfinding;a-star
100,How to build a lock-free concurrent queue?,I need a thread-safe queue without using mutex locks. How do compare-and-swap operations enable lock-free data structures?,3,concurrency;lock-free;data-structures
101,How to install Python on Windows?,I want to start learning Python programming. How do I download and install Python and set up the PATH variable?,65,python;installation;beginners
102,What is the modulo operator?,I want to find the remainder when dividing two numbers. How does the percent symbol work in Python?,53,python;operators;basics
103,How to swap two variables in Python?,I want to exchange the values of two variables. Is there a way to do it without a temporary variable?,58,python;basics;variables
104,What are escape characters in strings?,I need to include quotes and newlines inside a string. How do backslash escape sequences work in Python?,48,python;strings;escape
105,How to find the maximum value in a list?,I have a list of numbers and want to find the largest one. How do the max and min functions work?,56,python;list;built-in
106,How to implement the chain of responsibility pattern?,I need to process requests through a series of handlers where each handler decides whether to process or pass to the next. How do I set up the chain?,7,design-patterns;chain-of-responsibility;behavioral
107,Understanding Python wheel and egg formats,What is the difference between sdist wheel and egg distribution formats and when should I use each for packaging my Python library?,9,python;packaging;distribution
108,How to implement Dijkstra shortest path algorithm?,I need to find the shortest path in a weighted graph with non-negative edges. How does the priority queue based implementation work?,8,algorithms;graphs;dijkstra
109,Explain two-phase commit protocol for distributed transactions,I need to ensure atomicity across multiple database nodes. How does the coordinator communicate with participants and handle failures?,4,distributed-systems;transactions;2pc
110,How to build a simple neural network from scratch?,I want to understand deep learning fundamentals by implementing forward propagation backpropagation and gradient descent without using frameworks.,5,machine-learning;neural-networks;implementation
